Name,Mean,MeanLB,MeanUB,Stddev,StddevLB,StddevUB
buildTodoMVC/10,4.047001687943588e-4,4.033512505274987e-4,4.0678072969410823e-4,5.428996800077857e-6,3.2672781241295714e-6,1.0707812756060005e-5
buildTodoMVC/100,3.8546386788418053e-3,3.8467390037613637e-3,3.8614405665249327e-3,2.3886922440262857e-5,1.892025838774654e-5,3.174260081558075e-5
buildTodoMVC/1000,5.707521540578945e-2,5.398033437190667e-2,6.790793905745088e-2,1.05584985429964e-2,5.138006606353624e-4,1.9765489510284676e-2
subscribeAndFire/100 10 10,6.067031965254191e-2,6.0434838874236875e-2,6.123486499786324e-2,6.695107930479875e-4,2.5346756665677056e-4,1.1190044948553583e-3
subscribeAndFire/10 100 10,1.2081459107752653e-2,1.2055387499446043e-2,1.2124187250600682e-2,8.965113592937694e-5,6.884667944235036e-5,1.3678561420673072e-4
subscribeAndFire/10 10 100,8.3845970482801e-3,8.37333096167638e-3,8.404228987034003e-3,4.0953488641233764e-5,2.9559726775457557e-5,5.60355515659654e-5
