Name,Mean,MeanLB,MeanUB,Stddev,StddevLB,StddevUB
buildTodoMVC/10,4.0903182601736054e-4,4.08151905099544e-4,4.1042532794324923e-4,3.7835264450126974e-6,2.6187252762438182e-6,6.224660462898427e-6
buildTodoMVC/100,4.236468601273949e-3,4.230600786293691e-3,4.244156466174149e-3,2.182247896529512e-5,1.631104739348713e-5,3.0020023771156688e-5
buildTodoMVC/1000,8.124315881790961e-2,8.015280123264462e-2,8.301923408829201e-2,2.301707254266999e-3,1.279637911209465e-3,3.695520682185413e-3
subscribeAndFire/100 10 10,6.124798398178445e-2,6.105370698571429e-2,6.158650330562131e-2,4.9840951580175e-4,2.47930704078543e-4,6.869904556680121e-4
subscribeAndFire/10 100 10,1.1970446103363574e-2,1.195360280033114e-2,1.198912907863888e-2,4.9288282538466106e-5,3.9728094782630925e-5,6.327103348261886e-5
subscribeAndFire/10 10 100,8.397249793203016e-3,8.356908261427617e-3,8.471604272886636e-3,1.4033372133689102e-4,8.257743833443597e-5,2.4094800453871782e-4
