Name,Mean,MeanLB,MeanUB,Stddev,StddevLB,StddevUB
buildTodoMVC/10,3.971093555808759e-4,3.959317174879513e-4,3.9929846822685645e-4,5.2388148866881615e-6,3.0452607482142407e-6,1.0071781280454307e-5
buildTodoMVC/100,3.8159746200251117e-3,3.8068754396628234e-3,3.83583537878385e-3,3.936537154826653e-5,2.331852383210578e-5,7.656510365098512e-5
buildTodoMVC/1000,5.301773442238912e-2,5.284708086847636e-2,5.335113304132138e-2,4.4987109693066707e-4,2.3659174190326828e-4,7.678641375419195e-4
subscribeAndFire/100 10 10,6.1076279678203206e-2,6.080016199187095e-2,6.153825283915892e-2,7.27677434939995e-4,4.684457058361054e-4,1.1546684181715902e-3
subscribeAndFire/10 100 10,1.2124492139394918e-2,1.2072947700270835e-2,1.2208037973180753e-2,1.7294328169304178e-4,1.0736730337709745e-4,2.9021005783741596e-4
subscribeAndFire/10 10 100,8.405743103529427e-3,8.395700051998935e-3,8.416910091337451e-3,3.1676455237618496e-5,2.613535319143084e-5,3.855697123131326e-5
