Name,Mean,MeanLB,MeanUB,Stddev,StddevLB,StddevUB
buildTodoMVC/10,4.1621128621840953e-4,4.1490282163203355e-4,4.179895559600933e-4,5.181525521023594e-6,3.2787388500857923e-6,8.693117048693408e-6
buildTodoMVC/100,4.357922191005326e-3,4.3426820997677406e-3,4.375926732463293e-3,5.1251836728305926e-5,4.2727632228601556e-5,6.213618314419195e-5
buildTodoMVC/1000,8.342709545182016e-2,8.132522352606257e-2,8.682746801121606e-2,4.438104215844017e-3,2.3981358602486046e-3,7.637787594120471e-3
