Name,Mean,MeanLB,MeanUB,Stddev,StddevLB,StddevUB
buildTodoMVC/10,4.025518466398358e-4,3.995064051138003e-4,4.079733708523384e-4,1.349357654756564e-5,8.6423773928061e-6,2.1133606339490907e-5
buildTodoMVC/100,3.629985284738637e-3,3.6200723822678335e-3,3.63885417800267e-3,3.139667010178839e-5,2.6048156388521394e-5,3.9536029014764857e-5
buildTodoMVC/1000,4.884878987923208e-2,4.8427708885504975e-2,4.964229230238095e-2,1.157365296466278e-3,6.269476228778337e-4,1.921099288509594e-3
subscribeAndFire/100 10 10,6.120670263010729e-2,6.0358550714196706e-2,6.181020663461538e-2,1.3863129540527589e-3,9.041307374215116e-4,1.7930128028922267e-3
subscribeAndFire/10 100 10,1.1741875161660422e-2,1.1717050675603894e-2,1.1776171440887741e-2,7.452656662866102e-5,5.791569096096549e-5,1.0387938296248738e-4
subscribeAndFire/10 10 100,8.157900818830914e-3,8.133492114812981e-3,8.214356579588996e-3,1.0466538238570959e-4,3.9101424436700904e-5,2.0966367294032671e-4
