Name,Mean,MeanLB,MeanUB,Stddev,StddevLB,StddevUB
buildTodoMVC/10,4.3411917883906157e-4,4.3260291407777016e-4,4.3532083751759044e-4,4.699752502302116e-6,3.621307897859398e-6,6.151716530242553e-6
buildTodoMVC/100,4.547836675753309e-3,4.5103653115048745e-3,4.639483917101804e-3,1.696697297156183e-4,7.847667944691735e-5,3.024887768841892e-4
buildTodoMVC/1000,8.554404062027089e-2,8.384110812809918e-2,8.863679822203857e-2,3.986469179908135e-3,1.7854054230891057e-3,6.764518256234952e-3
subscribeAndFire/100 10 10,6.207280315059001e-2,6.187567769704142e-2,6.2295777088563146e-2,4.172200301439381e-4,3.098583850100548e-4,5.764087065273038e-4
subscribeAndFire/10 100 10,1.206174516276061e-2,1.2045504546555678e-2,1.2082734469960109e-2,5.014386252569604e-5,3.9609929015936885e-5,6.543263855469363e-5
subscribeAndFire/10 10 100,8.712747582333907e-3,8.684917165582931e-3,8.797828475190983e-3,1.2209357795389612e-4,4.949996066683262e-5,2.4855224708270545e-4
