Name,Mean,MeanLB,MeanUB,Stddev,StddevLB,StddevUB
buildTodoMVC/10,4.0881511735197263e-4,4.0818133965035073e-4,4.0940665907922904e-4,2.1372712397137665e-6,1.7965975279062394e-6,2.618666012288131e-6
buildTodoMVC/100,3.8290949082919945e-3,3.8178723563346085e-3,3.8539142162173716e-3,5.2924338965550964e-5,2.7342813863443927e-5,9.616745454459194e-5
buildTodoMVC/1000,5.232643983521578e-2,5.200524907239229e-2,5.266394624666049e-2,6.874276049380493e-4,4.7654203480670504e-4,9.631026625693773e-4
subscribeAndFire/100 10 10,5.772461578933588e-2,5.71071222363726e-2,5.990855118195736e-2,2.035097133093496e-3,2.4294621654482782e-4,3.7149013150069394e-3
subscribeAndFire/10 100 10,1.167903022938462e-2,1.1589366946512358e-2,1.1796504136398036e-2,2.6510484589217174e-4,1.963931065069374e-4,3.210509497505909e-4
subscribeAndFire/10 10 100,8.222168743808546e-3,8.175261999917272e-3,8.26384338244943e-3,1.2925796781494502e-4,1.0365353312352278e-4,1.4907574861265465e-4
