Name,Mean,MeanLB,MeanUB,Stddev,StddevLB,StddevUB
buildTodoMVC/10,4.3178952522896283e-4,4.310075869308337e-4,4.325122350001749e-4,2.6943751557039138e-6,2.307180753897865e-6,3.3948324748821505e-6
buildTodoMVC/100,4.0209758047099215e-3,3.992521958669272e-3,4.07544416681925e-3,1.2874238458709616e-4,6.85421104629033e-5,2.3991153639747227e-4
buildTodoMVC/1000,5.4597535133617765e-2,5.415145219296279e-2,5.5342108340344184e-2,1.0957556033376872e-3,5.193817757413209e-4,1.6416721969725343e-3
subscribeAndFire/100 10 10,6.038161079674556e-2,5.9822065948717945e-2,6.090456330374753e-2,1.0482029033025055e-3,8.754874210187319e-4,1.212847891228656e-3
subscribeAndFire/10 100 10,1.230348259966567e-2,1.2195989238357139e-2,1.2785289271124843e-2,5.066831082832148e-4,1.0916617297953749e-4,1.0812753823837918e-3
subscribeAndFire/10 10 100,8.453186175580028e-3,8.427249631923229e-3,8.514884166327685e-3,1.07960184849072e-4,6.528812520478219e-5,1.6751181994282893e-4
